Workbook

Sheet Planilha1
D1: Máquina A
A2: Máquinas | B2: Qtde
A3: Hora | B3: 30000 | D3: Hora | E3: 0.33333333 | F3: 0.375 | G3: 0.41666667 | H3: 0.45833333 | I3: 0.5
A4: Minutos | B4: =B3/60 -> 500 | D4: Qtd de produção | E4: =VLOOKUP($D$1,Planilha2!$B:$G,COLUMN(B1),0) -> 27000 | F4: =VLOOKUP($D$1,Planilha2!$B:$G,COLUMN(C1),0) -> 12000 | G4: =VLOOKUP($D$1,Planilha2!$B:$G,COLUMN(D1),0) -> 21000 | H4: =VLOOKUP($D$1,Planilha2!$B:$G,COLUMN(E1),0) -> 25000 | I4: =VLOOKUP($D$1,Planilha2!$B:$G,COLUMN(F1),0) -> 29000
D5: Eficiência | E5: =E4/$B$3 -> 0.9 | F5: =F4/$B$3 -> 0.4 | G5: =G4/$B$3 -> 0.7 | H5: =H4/$B$3 -> 0.83333333 | I5: =I4/$B$3 -> 0.96666667
D6: Tempo de produção | E6: =E4/$B$4 -> 54 | F6: =F4/$B$4 -> 24 | G6: =G4/$B$4 -> 42 | H6: =H4/$B$4 -> 50 | I6: =I4/$B$4 -> 58
D7: Tempo de não Produção | E7: =60-E6 -> 6 | F7: =60-F6 -> 36 | G7: =60-G6 -> 18 | H7: =60-H6 -> 10 | I7: =60-I6 -> 2
D9: Tempo médio | E9: MEDIA | F9: Total | G9: Horas
D10: Produção | E10: =AVERAGE(E6:I6) -> 45.6 | F10: =SUM(E6:I6) -> 228 | G10: =F10/60 -> 3.8
D11: Não Produção | E11: =AVERAGE(E7:I7) -> 14.4 | F11: =SUM(E7:I7) -> 72 | G11: =F11/60 -> 1.2

Sheet Planilha2
B2: Máquinas | C2: 0.33333333 | D2: 0.375 | E2: 0.41666667 | F2: 0.45833333 | G2: 0.5
B3: Máquina A | C3: 27000 | D3: 12000 | E3: 21000 | F3: 25000 | G3: 29000
B4: Máquina B | C4: =RANDBETWEEN(25000,30000) -> 29758 | D4: =RANDBETWEEN(25000,30000) -> 27247 | E4: =RANDBETWEEN(25000,30000) -> 26388 | F4: =RANDBETWEEN(25000,30000) -> 25749 | G4: =RANDBETWEEN(25000,30000) -> 27334
B5: Máquina C | C5: =RANDBETWEEN(25000,30000) -> 27057 | D5: =RANDBETWEEN(25000,30000) -> 29568 | E5: =RANDBETWEEN(25000,30000) -> 25992 | F5: =RANDBETWEEN(25000,30000) -> 27360 | G5: =RANDBETWEEN(25000,30000) -> 29896
